{"cameraMode":{"drawMode":0,"name":"Shaded","section":"Shading Mode"},"sceneLighting":false,"audioPlay":false,"sceneViewState":{"showFog":true,"showMaterialUpdate":false,"showSkybox":false,"showFlares":true,"showImageEffects":true,"showParticleSystems":true},"in2DMode":false,"pivot":{"x":1.2899999618530274,"y":0.6678951978683472,"z":-25.00897789001465},"rotation":{"x":0.7070367932319641,"y":0.00042166601633653045,"z":-0.0002388602151768282,"w":0.7071766257286072},"size":3.540069818496704,"orthographic":true}