{"cameraMode":{"drawMode":0,"name":"Shaded","section":"Shading Mode"},"sceneLighting":false,"audioPlay":false,"sceneViewState":{"showFog":true,"showMaterialUpdate":false,"showSkybox":false,"showFlares":true,"showImageEffects":true,"showParticleSystems":true},"in2DMode":false,"pivot":{"x":1.2899999618530274,"y":0.6678951978683472,"z":-25.00897789001465},"rotation":{"x":0.33394598960876467,"y":-0.5824180841445923,"z":0.28414496779441836,"w":0.6844955086708069},"size":4.80861234664917,"orthographic":true}