{"cameraMode":{"drawMode":0,"name":"Shaded","section":"Shading Mode"},"sceneLighting":true,"audioPlay":false,"sceneViewState":{"m_AlwaysRefresh":true,"showFog":true,"showSkybox":true,"showFlares":true,"showImageEffects":false,"showParticleSystems":true,"showVisualEffectGraphs":true,"m_FxEnabled":true},"in2DMode":false,"pivot":{"x":-82.38377380371094,"y":0.15999925136566163,"z":-156.07809448242188},"rotation":{"x":0.3203265368938446,"y":0.1673276126384735,"z":-0.05759238451719284,"w":0.9306351542472839},"size":108.91764068603516,"orthographic":false}